timestamp,tgs2600,mq135,mq3,mq6,mq7,tgs2602,tgs2611,tgs2620
1,1563,891,1548,801,1458,1428,1080,1725
2,1557,894,1548,798,1458,1425,1080,1722
3,1557,894,1548,798,1458,1422,1080,1728
4,1560,894,1548,798,1458,1419,1077,1722
5,1554,894,1551,798,1461,1419,1077,1722
6,1551,894,1551,798,1461,1416,1077,1722
7,1551,897,1551,798,1464,1416,1080,1716
8,1554,897,1551,795,1464,1419,1077,1716
9,1551,897,1551,798,1464,1416,1077,1713
10,1551,897,1554,795,1464,1410,1074,1713
11,1545,897,1554,795,1467,1413,1074,1713
12,1548,897,1551,792,1467,1410,1074,1713
13,1545,897,1554,795,1467,1407,1074,1710
14,1545,900,1557,792,1470,1404,1074,1710
15,1542,900,1557,792,1470,1404,1077,1707
16,1542,900,1557,792,1473,1401,1074,1707
17,1539,900,1557,792,1473,1398,1074,1704
18,1542,900,1557,792,1470,1401,1071,1704
19,1539,903,1557,789,1470,1398,1071,1704
20,1539,900,1560,789,1476,1395,1071,1701
21,1536,903,1560,789,1473,1395,1071,1701
22,1536,903,1560,789,1476,1395,1068,1698
23,1536,903,1560,789,1473,1392,1071,1701
24,1533,903,1560,786,1476,1392,1071,1695
25,1530,903,1563,786,1476,1392,1068,1695
26,1530,903,1563,786,1476,1392,1071,1692
27,1530,903,1563,786,1479,1392,1071,1695
28,1527,906,1566,783,1479,1389,1071,1695
29,1530,906,1563,783,1479,1386,1071,1692
30,1527,906,1566,786,1479,1386,1068,1692
31,1524,909,1566,783,1482,1383,1071,1692
32,1524,909,1566,786,1479,1383,1071,1689
33,1524,906,1569,783,1482,1383,1071,1689
34,1524,909,1569,783,1482,1380,1071,1686
35,1524,909,1569,783,1482,1380,1071,1686
36,1518,909,1572,783,1485,1380,1068,1686
37,1518,909,1572,780,1485,1380,1071,1683
38,1521,912,1572,783,1488,1377,1071,1686
39,1515,909,1572,783,1488,1380,1071,1683
40,1518,912,1575,780,1485,1377,1068,1683
41,1515,912,1572,780,1488,1377,1071,1680
42,1515,912,1572,780,1488,1374,1071,1683
43,1515,915,1578,780,1491,1371,1068,1680
44,1512,912,1575,777,1488,1374,1068,1677
45,1512,915,1578,780,1488,1371,1068,1674
46,1512,915,1578,777,1491,1368,1068,1677
47,1512,915,1578,777,1491,1368,1068,1677
48,1509,915,1581,777,1491,1365,1068,1674
49,1509,915,1578,777,1494,1365,1071,1671
50,1509,915,1578,777,1494,1368,1068,1674
51,1506,915,1581,780,1494,1368,1068,1674
52,1506,915,1581,777,1494,1365,1065,1671
53,1506,918,1581,777,1494,1362,1068,1674
54,1506,918,1581,777,1497,1365,1068,1668
55,1503,921,1584,777,1494,1362,1068,1671
56,1506,918,1587,774,1494,1362,1068,1668
57,1503,918,1584,777,1497,1362,1065,1668
58,1500,918,1587,774,1497,1362,1068,1668
59,1500,921,1587,777,1497,1362,1068,1668
60,1503,921,1587,774,1497,1359,1068,1668
61,1497,921,1590,774,1500,1359,1068,1665
62,1500,921,1590,774,1500,1359,1068,1668
63,1500,921,1593,774,1500,1359,1065,1665
64,1497,921,1590,774,1500,1356,1068,1665
65,1497,921,1590,774,1500,1359,1068,1665
66,1497,921,1593,771,1500,1356,1065,1662
67,1494,921,1593,771,1503,1356,1068,1662
68,1494,921,1596,771,1503,1356,1068,1662
69,1494,924,1596,774,1503,1356,1068,1662
70,1497,921,1596,771,1503,1353,1065,1662
71,1458,897,1557,774,1467,1320,1041,1623
72,1449,906,1578,753,1479,1311,1026,1617
73,1437,909,1587,753,1482,1299,1017,1605
74,1434,918,1668,750,1494,1290,1014,1599
75,1431,933,1878,750,1536,1287,1014,1593
76,1434,957,2178,753,1671,1290,1026,1614
77,1449,987,2502,753,1836,1302,1038,1659
78,1467,1014,2790,759,2031,1323,1068,1740
79,1503,1044,3000,765,2202,1356,1104,1839
80,1554,1071,3156,777,2367,1413,1137,1941
81,1623,1089,3264,786,2496,1488,1167,2040
82,1707,1107,3354,792,2610,1566,1197,2130
83,1800,1128,3408,807,2718,1644,1239,2229
84,1884,1140,3468,819,2805,1722,1269,2310
85,1974,1152,3504,828,2883,1806,1296,2394
86,2052,1161,3534,840,2952,1884,1320,2460
87,2127,1170,3561,849,3009,1947,1341,2511
88,2190,1179,3576,861,3048,2010,1362,2565
89,2247,1185,3588,870,3090,2067,1374,2619
90,2310,1188,3594,879,3123,2127,1389,2664
91,2355,1194,3603,888,3153,2169,1401,2700
92,2403,1197,3603,897,3174,2217,1410,2730
93,2439,1200,3612,906,3192,2253,1413,2763
94,2478,1200,3612,912,3216,2292,1422,2790
95,2511,1200,3609,918,3225,2322,1437,2817
96,2538,1206,3609,924,3237,2349,1437,2829
97,2556,1200,3603,930,3237,2376,1440,2859
98,2586,1206,3603,936,3246,2394,1443,2877
99,2607,1206,3597,939,3255,2421,1443,2886
100,2628,1200,3591,945,3255,2445,1446,2898
101,2646,1200,3588,948,3258,2454,1452,2907
102,2658,1200,3579,951,3261,2472,1449,2925
103,2673,1203,3582,954,3258,2487,1446,2928
104,2682,1200,3579,957,3258,2505,1449,2931
105,2697,1194,3567,960,3255,2514,1449,2946
106,2700,1194,3561,960,3252,2514,1437,2949
107,2706,1191,3549,963,3252,2520,1440,2952
108,2712,1191,3552,966,3255,2523,1434,2952
109,2727,1191,3540,966,3255,2544,1443,2958
110,2730,1191,3543,969,3258,2547,1440,2970
111,2739,1194,3537,972,3252,2559,1437,2979
112,2742,1191,3543,975,3252,2565,1437,2985
113,2751,1188,3534,978,3246,2574,1443,2988
114,2754,1188,3528,975,3249,2574,1440,2985
115,2763,1185,3522,975,3240,2580,1440,3000
116,2760,1182,3519,978,3237,2589,1440,2994
117,2766,1182,3513,978,3243,2592,1440,2991
118,2772,1182,3504,978,3234,2595,1437,3000
119,2781,1182,3501,981,3231,2598,1434,3000
120,2778,1182,3495,981,3228,2607,1431,3006
121,2775,1176,3495,981,3225,2604,1434,3009
122,2790,1182,3483,981,3216,2604,1428,3009
123,2784,1176,3486,981,3219,2610,1431,3006
124,2796,1179,3483,984,3213,2610,1428,3012
125,2796,1176,3474,981,3213,2616,1431,3012
126,2796,1176,3477,984,3213,2613,1428,3012
127,2796,1173,3465,981,3207,2616,1428,3009
128,2793,1173,3465,984,3207,2616,1422,3015
129,2799,1176,3462,984,3198,2625,1422,3021
130,2802,1173,3462,984,3198,2628,1422,3018
131,2802,1170,3459,981,3201,2625,1422,3015
132,2808,1176,3453,984,3198,2622,1422,3018
133,2808,1173,3447,981,3192,2631,1419,3024
134,2811,1173,3450,984,3192,2628,1419,3021
135,2808,1176,3450,984,3189,2628,1422,3021
136,2817,1176,3450,984,3192,2628,1419,3024
137,2811,1173,3438,984,3186,2634,1419,3030
138,2814,1173,3447,984,3186,2637,1419,3027
139,2817,1173,3444,984,3180,2643,1419,3030
140,2820,1170,3444,984,3183,2640,1416,3033
141,2823,1167,3441,984,3180,2634,1419,3024
142,2823,1176,3435,981,3180,2637,1416,3027
143,2829,1170,3432,981,3174,2643,1413,3033
144,2820,1167,3435,981,3180,2640,1416,3030
145,2823,1167,3432,981,3174,2652,1413,3033
146,2823,1170,3414,978,3165,2637,1410,3024
147,2820,1176,3417,978,3165,2631,1404,3018
148,2820,1173,3420,978,3162,2631,1407,3024
149,2820,1173,3420,975,3168,2637,1407,3021
150,2823,1173,3420,975,3168,2637,1407,3024
151,2826,1176,3420,975,3165,2631,1407,3021
152,2826,1173,3417,978,3168,2643,1407,3024
153,2832,1176,3414,975,3165,2643,1410,3027
154,2838,1173,3417,975,3168,2646,1410,3033
155,2841,1179,3429,978,3168,2646,1413,3039
156,2841,1179,3432,978,3177,2664,1416,3042
157,2853,1176,3426,981,3174,2664,1419,3051
158,2853,1179,3429,981,3177,2667,1419,3048
159,2850,1176,3429,981,3174,2661,1422,3060
160,2859,1173,3429,981,3174,2667,1422,3051
161,2859,1173,3423,981,3171,2673,1422,3051
162,2868,1170,3423,981,3171,2676,1422,3054
163,2868,1173,3420,984,3168,2673,1419,3057
164,2865,1173,3423,984,3165,2676,1419,3051
165,2868,1170,3426,984,3168,2682,1422,3057
166,2874,1176,3423,984,3171,2676,1422,3048
167,2865,1176,3423,984,3168,2673,1419,3060
168,2874,1176,3423,987,3168,2676,1422,3054
169,2874,1176,3417,987,3165,2688,1416,3060
170,2877,1176,3420,987,3168,2682,1422,3054
171,2877,1179,3426,984,3168,2682,1422,3063
172,2850,1092,3384,966,3144,2655,1392,3018
173,2832,1002,3264,951,3072,2649,1356,2979
174,2820,951,3171,939,2982,2628,1305,2925
175,2796,921,3054,933,2880,2601,1257,2880
176,2772,903,2961,924,2760,2574,1224,2835
177,2745,894,2877,918,2664,2541,1194,2805
178,2721,885,2799,915,2577,2514,1170,2772
179,2694,879,2736,909,2493,2493,1149,2745
180,2670,876,2676,906,2418,2469,1137,2712
181,2634,870,2613,900,2343,2436,1125,2679
182,2610,867,2571,891,2292,2397,1104,2649
183,2598,864,2520,888,2235,2379,1092,2622
184,2571,861,2490,888,2190,2349,1086,2610
185,2562,861,2448,879,2163,2334,1077,2586
186,2547,861,2421,879,2127,2310,1074,2580
187,2538,864,2400,882,2103,2310,1080,2574
188,2532,864,2379,882,2076,2298,1083,2562
189,2523,864,2352,879,2052,2280,1080,2556
190,2511,861,2328,879,2028,2265,1077,2541
191,2496,861,2307,876,1998,2253,1077,2526
192,2484,861,2280,879,1983,2238,1074,2514
193,2478,861,2268,873,1965,2220,1071,2499
194,2460,861,2247,873,1947,2211,1071,2490
195,2454,861,2235,873,1932,2199,1068,2475
196,2442,858,2211,873,1917,2187,1065,2463
197,2436,861,2196,867,1905,2169,1065,2448
198,2421,855,2178,867,1887,2157,1065,2439
199,2409,855,2160,864,1872,2139,1062,2430
200,2403,855,2148,864,1857,2133,1059,2421
201,2391,855,2133,864,1845,2124,1056,2403
202,2385,855,2121,861,1833,2109,1056,2391
203,2367,855,2106,858,1821,2097,1053,2385
204,2361,855,2094,858,1809,2088,1053,2370
205,2352,855,2082,855,1806,2082,1050,2361
206,2343,852,2070,855,1800,2064,1050,2349
207,2337,855,2061,852,1785,2055,1047,2343
208,2325,855,2052,852,1779,2046,1044,2334
209,2322,852,2040,852,1767,2034,1044,2322
210,2310,855,2034,849,1758,2025,1044,2310
211,2298,852,2010,846,1743,2010,1038,2289
212,2295,855,2016,846,1743,2004,1041,2295
213,2283,855,2004,846,1740,2001,1038,2283
214,2274,852,1995,846,1737,1983,1038,2280
215,2271,852,1983,843,1725,1980,1038,2265
216,2262,849,1977,843,1722,1971,1038,2262
217,2253,849,1968,843,1716,1962,1035,2256
218,2250,852,1959,843,1707,1956,1035,2241
219,2244,852,1953,840,1701,1947,1032,2238
220,2235,852,1947,840,1695,1938,1035,2229
221,2223,852,1938,840,1695,1935,1035,2223
222,2220,852,1935,837,1692,1926,1032,2214
223,2214,852,1929,837,1680,1920,1032,2211
224,2205,849,1920,837,1674,1914,1032,2199
225,2202,849,1914,837,1674,1905,1032,2190
226,2193,849,1908,834,1668,1893,1032,2193
227,2187,852,1902,834,1659,1887,1029,2178
228,2175,852,1893,834,1659,1878,1029,2172
229,2172,855,1893,834,1653,1869,1026,2166
230,2166,852,1887,831,1650,1866,1026,2157
231,2157,852,1884,828,1644,1863,1023,2151
232,2154,852,1878,831,1641,1857,1023,2145
233,2145,849,1869,828,1641,1851,1026,2139
234,2142,852,1863,828,1632,1842,1023,2133
235,2133,852,1863,828,1626,1836,1023,2127
236,2127,852,1857,828,1623,1830,1017,2121
237,2121,849,1851,828,1626,1827,1020,2112
238,2124,855,1848,825,1620,1818,1020,2109
239,2115,855,1839,825,1614,1815,1020,2106
240,2109,852,1836,825,1611,1809,1023,2100
241,2103,852,1833,825,1608,1809,1020,2097
242,2100,852,1827,825,1608,1803,1023,2088
243,2097,852,1827,822,1602,1794,1020,2088
244,2094,855,1827,822,1599,1791,1020,2085
245,2088,852,1821,822,1602,1785,1020,2079
246,2079,852,1815,822,1599,1779,1017,2073
247,2076,852,1815,819,1599,1773,1020,2073
248,2070,855,1806,822,1596,1773,1020,2067
249,2070,855,1806,822,1590,1770,1017,2061
250,2061,855,1803,822,1587,1770,1017,2055
251,2061,858,1803,822,1584,1764,1017,2052
252,2052,855,1794,822,1581,1758,1017,2046
253,2046,849,1794,822,1584,1749,1020,2046
254,2040,852,1788,822,1578,1749,1017,2040
255,2040,852,1785,819,1572,1746,1017,2034
256,2034,849,1782,816,1572,1740,1017,2034
257,2031,852,1779,819,1566,1734,1014,2031
258,2028,852,1773,816,1563,1731,1014,2028
259,2022,852,1770,819,1560,1728,1017,2019
260,2016,852,1773,816,1563,1722,1014,2016
261,2013,855,1770,816,1557,1722,1014,2010
262,2010,852,1767,816,1557,1713,1014,2007
263,2004,855,1764,819,1551,1716,1014,2004
264,2001,855,1764,816,1551,1710,1014,2007
265,1998,855,1761,813,1554,1701,1014,2004
266,1995,858,1758,816,1551,1704,1014,1995
267,1989,855,1758,813,1551,1701,1014,1995
268,1983,852,1752,816,1548,1701,1011,1992
269,1983,855,1749,816,1545,1695,1017,1986
270,1974,855,1749,816,1542,1689,1014,1989
271,1971,852,1749,813,1545,1686,1014,1986
272,1968,852,1737,813,1539,1686,1014,1977
273,1968,852,1737,813,1533,1680,1014,1974
274,1959,852,1737,813,1536,1677,1014,1971
275,1956,855,1734,813,1533,1674,1011,1968
276,1953,852,1734,813,1527,1671,1011,1968
277,1953,852,1728,810,1527,1671,1011,1965
278,1944,849,1725,813,1524,1662,1014,1959
279,1947,852,1725,810,1521,1662,1008,1959
280,1944,852,1716,813,1521,1659,1011,1953
281,1935,852,1719,810,1518,1656,1008,1953
282,1932,852,1716,810,1518,1653,1008,1950
283,1929,849,1716,810,1515,1650,1011,1947
284,1929,849,1713,810,1515,1647,1008,1944
285,1920,849,1710,810,1515,1641,1008,1944
286,1920,852,1710,810,1506,1644,1008,1938
287,1914,852,1710,810,1506,1641,1005,1935
288,1911,852,1701,807,1506,1638,1005,1932
289,1911,852,1707,807,1509,1632,1005,1929
290,1905,849,1704,807,1512,1629,1008,1932
291,1899,855,1701,807,1506,1632,1008,1923
292,1899,855,1698,810,1506,1629,1008,1920
293,1896,855,1701,807,1506,1623,1008,1926
294,1896,852,1692,807,1506,1626,1008,1917
295,1890,852,1692,810,1503,1623,1008,1917
296,1887,852,1692,807,1506,1617,1008,1917
297,1884,852,1689,807,1500,1617,1008,1914
298,1881,852,1689,807,1503,1614,1008,1911
299,1881,855,1689,807,1503,1608,1005,1911
300,1869,852,1689,807,1506,1605,1005,1905
