timestamp,tgs2600,mq135,mq3,mq6,mq7,tgs2602,tgs2611,tgs2620
1,1767,1012,1836,959,1583,1698,1137,2014
2,1764,1012,1840,959,1587,1702,1140,2010
3,1767,1015,1833,959,1587,1702,1143,2010
4,1764,1015,1836,956,1580,1698,1143,2014
5,1764,1012,1830,959,1583,1698,1140,2010
6,1761,1012,1830,959,1580,1698,1143,2010
7,1761,1012,1830,959,1583,1698,1143,2007
8,1761,1012,1830,956,1580,1695,1140,2007
9,1757,1008,1830,956,1580,1692,1140,2001
10,1757,1012,1830,956,1580,1692,1140,2004
11,1757,1012,1830,956,1580,1692,1140,2001
12,1754,1012,1826,956,1580,1692,1140,2001
13,1754,1012,1826,953,1580,1688,1137,1997
14,1751,1012,1826,953,1580,1682,1140,1994
15,1751,1012,1826,953,1580,1685,1140,1997
16,1751,1012,1823,949,1580,1682,1137,1991
17,1744,1008,1823,953,1577,1685,1137,1991
18,1744,1012,1823,949,1577,1679,1137,1987
19,1744,1008,1823,949,1577,1675,1137,1987
20,1741,1008,1823,946,1577,1675,1140,1991
21,1741,1012,1823,946,1577,1672,1140,1984
22,1738,1012,1823,946,1577,1675,1137,1978
23,1738,1008,1820,946,1577,1675,1137,1978
24,1738,1012,1820,943,1577,1672,1137,1981
25,1738,1012,1823,946,1577,1669,1140,1981
26,1741,1012,1820,943,1577,1672,1137,1978
27,1738,1012,1820,946,1577,1669,1137,1978
28,1734,1012,1820,943,1577,1672,1140,1978
29,1734,1012,1820,943,1580,1669,1137,1978
30,1738,1012,1820,943,1577,1665,1137,1974
31,1734,1012,1817,943,1577,1665,1137,1971
32,1731,1012,1820,943,1577,1662,1140,1971
33,1731,1012,1820,943,1580,1665,1137,1971
34,1731,1012,1817,943,1577,1662,1137,1968
35,1731,1008,1817,940,1577,1659,1133,1964
36,1725,1012,1817,940,1574,1659,1133,1964
37,1725,1008,1817,936,1577,1656,1137,1964
38,1721,1012,1817,936,1577,1652,1133,1961
39,1721,1012,1817,936,1577,1649,1133,1958
40,1721,1012,1817,933,1577,1649,1130,1955
41,1718,1012,1817,933,1577,1649,1130,1958
42,1715,1012,1817,933,1574,1649,1133,1955
43,1718,1008,1817,933,1577,1646,1133,1955
44,1711,1012,1817,930,1577,1642,1130,1948
45,1708,1012,1813,930,1574,1642,1127,1945
46,1705,1012,1817,930,1577,1639,1127,1945
47,1702,1012,1813,930,1577,1636,1127,1941
48,1705,1012,1817,926,1577,1633,1127,1938
49,1705,1012,1813,926,1574,1633,1127,1941
50,1705,1015,1817,926,1574,1629,1123,1938
51,1702,1012,1817,923,1577,1633,1123,1935
52,1698,1012,1817,926,1574,1629,1127,1941
53,1698,1012,1817,926,1577,1629,1123,1935
54,1695,1012,1817,923,1577,1629,1123,1938
55,1698,1012,1817,923,1577,1629,1127,1935
56,1698,1012,1817,926,1577,1629,1127,1938
57,1702,1015,1820,923,1577,1629,1130,1941
58,1702,1012,1817,923,1580,1633,1127,1935
59,1695,1015,1817,923,1580,1626,1130,1938
60,1692,1015,1817,920,1580,1626,1123,1932
61,1692,1012,1813,920,1574,1623,1123,1928
62,1692,1012,1817,920,1577,1623,1123,1932
63,1692,1015,1820,920,1577,1623,1123,1928
64,1692,1015,1820,920,1577,1623,1123,1928
65,1692,1012,1820,920,1580,1623,1127,1932
66,1692,1012,1820,923,1580,1623,1130,1935
67,1692,1012,1820,920,1580,1626,1130,1932
68,1695,1012,1820,920,1580,1623,1130,1932
69,1695,1015,1820,920,1580,1626,1130,1932
70,1698,1015,1823,920,1583,1623,1130,1932
71,1662,972,1767,917,1531,1587,1100,1895
72,1646,995,1800,900,1554,1580,1091,1876
73,1623,999,1810,897,1551,1551,1071,1859
74,1616,995,1817,887,1547,1544,1061,1849
75,1593,995,1853,887,1547,1521,1051,1830
76,1597,995,1895,877,1567,1524,1051,1826
77,1593,999,1948,877,1593,1521,1054,1823
78,1590,1008,1994,877,1626,1511,1054,1830
79,1593,1012,2043,874,1669,1524,1064,1836
80,1600,1015,2093,880,1705,1521,1071,1846
81,1610,1015,2135,877,1734,1537,1081,1869
82,1616,1022,2185,877,1764,1541,1084,1876
83,1626,1025,2217,887,1787,1544,1087,1895
84,1626,1028,2254,887,1817,1551,1097,1902
85,1646,1031,2293,884,1856,1574,1107,1922
86,1656,1038,2322,894,1876,1577,1114,1945
87,1675,1035,2349,890,1902,1603,1127,1961
88,1692,1041,2375,900,1918,1606,1123,1984
89,1698,1045,2401,900,1938,1623,1133,1991
90,1718,1041,2418,900,1961,1642,1143,2020
91,1728,1048,2444,907,1974,1649,1146,2020
92,1728,1045,2457,910,1984,1659,1143,2033
93,1741,1048,2477,913,2001,1669,1146,2043
94,1757,1048,2490,913,2010,1685,1156,2063
95,1767,1051,2506,920,2030,1692,1160,2066
96,1784,1051,2516,923,2033,1702,1160,2083
97,1787,1054,2526,923,2043,1711,1163,2089
98,1794,1054,2539,926,2056,1725,1169,2096
99,1800,1054,2539,930,2053,1728,1163,2109
100,1803,1054,2549,933,2060,1734,1166,2112
101,1807,1051,2559,926,2073,1738,1169,2112
102,1826,1051,2562,930,2073,1748,1169,2125
103,1823,1054,2575,933,2086,1751,1169,2122
104,1840,1054,2575,936,2083,1761,1173,2145
105,1849,1054,2579,940,2099,1774,1176,2152
106,1849,1058,2582,943,2096,1774,1173,2162
107,1849,1054,2602,943,2109,1777,1183,2162
108,1856,1054,2592,943,2106,1780,1176,2158
109,1856,1061,2608,946,2112,1780,1179,2165
110,1872,1058,2598,943,2109,1790,1183,2185
111,1876,1058,2602,946,2112,1800,1183,2178
112,1872,1061,2612,953,2116,1797,1179,2178
113,1882,1061,2615,953,2125,1803,1183,2188
114,1886,1064,2618,956,2125,1813,1186,2198
115,1882,1058,2618,953,2129,1813,1186,2194
116,1889,1064,2615,959,2132,1817,1183,2201
117,1899,1061,2625,959,2135,1823,1186,2201
118,1899,1061,2628,959,2142,1830,1189,2208
119,1909,1061,2628,959,2142,1836,1189,2211
120,1918,1064,2631,969,2142,1843,1192,2227
121,1915,1061,2631,963,2152,1849,1196,2224
122,1932,1061,2631,969,2139,1863,1199,2244
123,1945,1064,2638,969,2148,1869,1202,2250
124,1938,1064,2631,972,2139,1859,1192,2244
125,1941,1064,2635,976,2145,1866,1199,2257
126,1955,1064,2638,976,2155,1879,1206,2257
127,1951,1068,2648,982,2155,1879,1209,2263
128,1955,1058,2638,979,2152,1882,1209,2267
129,1961,1061,2635,982,2148,1886,1202,2270
130,1968,1061,2635,982,2148,1892,1206,2270
131,1964,1061,2635,982,2145,1889,1202,2270
132,1958,1061,2644,982,2155,1886,1202,2263
133,1961,1061,2648,986,2155,1886,1202,2270
134,1961,1064,2644,982,2155,1886,1199,2270
135,1964,1061,2648,986,2158,1892,1202,2270
136,1974,1061,2641,986,2158,1899,1206,2277
137,1968,1061,2644,989,2158,1895,1202,2277
138,1974,1061,2648,989,2162,1902,1206,2283
139,1978,1064,2648,989,2162,1905,1206,2283
140,1991,1061,2638,992,2152,1912,1209,2296
141,1991,1064,2644,995,2158,1918,1206,2303
142,2004,1068,2654,995,2165,1928,1212,2306
143,1994,1068,2648,999,2165,1925,1209,2309
144,2004,1064,2648,999,2162,1928,1215,2313
145,2007,1068,2651,999,2175,1938,1219,2313
146,2014,1071,2658,1002,2171,1938,1222,2316
147,2020,1068,2654,1008,2168,1941,1222,2332
148,2017,1064,2651,1005,2168,1948,1222,2322
149,2020,1064,2658,1008,2171,1948,1225,2329
150,2027,1068,2658,1008,2175,1958,1222,2329
151,2030,1068,2651,1008,2171,1955,1222,2332
152,2027,1068,2658,1005,2175,1951,1225,2329
153,2024,1068,2651,1012,2171,1951,1222,2332
154,2033,1068,2654,1008,2171,1958,1222,2339
155,2027,1064,2651,1008,2165,1951,1215,2339
156,2037,1064,2654,1012,2165,1955,1219,2342
157,2040,1068,2651,1012,2171,1961,1222,2342
158,2040,1064,2651,1012,2168,1958,1222,2345
159,2030,1068,2651,1015,2165,1958,1222,2339
160,2040,1068,2651,1012,2178,1958,1222,2342
161,2037,1068,2661,1015,2178,1968,1225,2339
162,2043,1074,2667,1018,2181,1968,1232,2355
163,2053,1068,2661,1018,2171,1971,1229,2355
164,2047,1071,2658,1018,2175,1964,1225,2355
165,2050,1068,2654,1015,2175,1978,1229,2349
166,2053,1071,2658,1015,2175,1974,1222,2352
167,2047,1068,2654,1018,2171,1971,1222,2352
168,2053,1071,2661,1018,2181,1984,1229,2352
169,2063,1074,2664,1022,2188,1987,1232,2362
170,2063,1071,2661,1015,2181,1991,1235,2365
171,2073,1071,2664,1038,2185,1991,1235,2372
172,2083,1058,2635,1028,2175,2010,1252,2385
173,2093,1028,2592,1028,2119,2014,1252,2398
174,2089,1005,2546,1031,2063,2017,1252,2401
175,2096,992,2510,1031,2020,2027,1235,2388
176,2096,986,2474,1031,1984,2017,1232,2391
177,2086,979,2451,1035,1955,2024,1225,2375
178,2079,972,2421,1035,1932,2014,1225,2378
179,2076,976,2401,1035,1912,2014,1215,2362
180,2063,972,2372,1035,1892,2004,1215,2359
181,2063,972,2362,1031,1879,2001,1209,2355
182,2056,969,2345,1035,1869,1991,1209,2352
183,2056,969,2329,1035,1856,1984,1202,2349
184,2047,966,2309,1035,1849,1981,1199,2336
185,2043,966,2300,1031,1840,1978,1199,2332
186,2037,969,2286,1035,1826,1981,1196,2329
187,2033,966,2277,1031,1823,1968,1196,2329
188,2030,966,2260,1031,1817,1964,1189,2319
189,2020,966,2247,1035,1807,1958,1196,2319
190,2024,966,2237,1031,1800,1961,1189,2306
191,2014,963,2224,1031,1800,1958,1189,2309
192,2010,963,2211,1031,1794,1948,1189,2306
193,2007,963,2211,1028,1790,1948,1186,2306
194,2007,966,2201,1028,1784,1948,1183,2293
195,2004,966,2191,1028,1777,1941,1186,2293
196,1997,966,2178,1028,1774,1941,1186,2290
197,1994,966,2178,1028,1771,1941,1179,2283
198,1964,956,2168,1018,1761,1912,1166,2267
199,1971,959,2158,1022,1764,1915,1169,2273
200,1974,959,2152,1022,1761,1915,1169,2277
201,1971,963,2148,1022,1757,1922,1169,2263
202,1978,963,2145,1022,1751,1912,1169,2267
203,1974,963,2139,1022,1751,1912,1173,2267
204,1964,963,2129,1022,1754,1909,1179,2270
205,1968,959,2129,1022,1751,1905,1173,2270
206,1971,963,2125,1022,1744,1905,1169,2263
207,1964,959,2109,1022,1744,1905,1169,2267
208,1961,956,2106,1022,1741,1902,1169,2260
209,1955,959,2102,1022,1734,1909,1169,2250
210,1955,963,2099,1022,1731,1905,1173,2254
211,1961,963,2099,1022,1731,1895,1169,2247
212,1948,959,2096,1022,1731,1895,1173,2250
213,1948,959,2086,1022,1728,1892,1173,2250
214,1948,959,2083,1018,1731,1889,1169,2250
215,1951,959,2083,1018,1728,1889,1166,2250
216,1948,963,2079,1018,1725,1889,1169,2247
217,1945,959,2079,1018,1725,1886,1169,2247
218,1941,963,2073,1018,1718,1889,1169,2240
219,1945,963,2073,1018,1718,1886,1166,2237
220,1935,966,2070,1022,1718,1889,1166,2234
221,1941,963,2066,1018,1715,1882,1166,2234
222,1932,959,2060,1018,1711,1886,1166,2231
223,1935,959,2060,1015,1715,1876,1163,2237
224,1935,959,2056,1018,1715,1872,1166,2231
225,1935,959,2053,1015,1715,1872,1166,2227
226,1928,963,2050,1018,1711,1879,1166,2224
227,1928,963,2043,1018,1708,1876,1166,2224
228,1925,963,2043,1018,1705,1879,1163,2217
229,1925,959,2047,1015,1708,1869,1169,2224
230,1922,963,2040,1018,1705,1876,1166,2221
231,1925,959,2037,1018,1708,1866,1166,2227
232,1925,963,2037,1018,1702,1876,1163,2217
233,1922,963,2037,1015,1705,1863,1169,2224
234,1925,963,2033,1015,1705,1866,1163,2227
235,1928,963,2033,1015,1705,1866,1163,2224
236,1928,963,2027,1015,1702,1863,1163,2217
237,1922,966,2030,1018,1695,1869,1166,2214
238,1918,963,2027,1018,1698,1863,1169,2214
239,1922,963,2017,1018,1698,1859,1169,2217
240,1922,963,2017,1018,1695,1866,1166,2214
241,1918,963,2017,1018,1692,1859,1166,2221
242,1915,963,2014,1018,1688,1863,1163,2208
243,1915,963,2017,1015,1692,1863,1163,2211
244,1918,959,2014,1015,1688,1859,1163,2208
245,1915,963,2014,1018,1685,1859,1166,2211
246,1918,963,2017,1018,1685,1859,1160,2204
247,1918,963,2014,1015,1692,1853,1160,2204
248,1912,963,2014,1018,1688,1849,1166,2211
249,1915,966,2017,1015,1685,1853,1160,2201
250,1915,966,2014,1015,1682,1856,1160,2198
251,1912,966,2004,1018,1685,1853,1163,2198
252,1909,963,2014,1015,1692,1849,1160,2204
253,1909,966,2004,1015,1682,1856,1163,2198
254,1902,963,2001,1015,1688,1853,1160,2204
255,1905,963,1997,1015,1688,1853,1160,2204
256,1912,966,2004,1015,1685,1853,1160,2198
257,1909,966,2001,1015,1682,1853,1160,2194
258,1905,969,2001,1015,1682,1853,1163,2198
259,1909,966,1997,1012,1679,1849,1163,2198
260,1909,966,1997,1015,1682,1849,1156,2194
261,1909,963,1997,1015,1682,1846,1160,2198
262,1905,963,1991,1015,1682,1846,1163,2194
263,1902,966,1987,1018,1682,1849,1163,2191
264,1902,963,1997,1015,1682,1846,1160,2198
265,1909,963,1991,1012,1679,1840,1160,2194
266,1902,963,1987,1015,1679,1846,1163,2191
267,1909,966,1991,1012,1672,1846,1156,2194
268,1902,966,1991,1015,1675,1849,1156,2188
269,1902,963,1984,1015,1675,1843,1160,2194
270,1905,966,1987,1015,1675,1843,1160,2188
271,1902,966,1987,1012,1672,1840,1156,2191
272,1899,963,1984,1015,1672,1843,1160,2191
273,1902,963,1981,1012,1672,1836,1156,2194
274,1899,963,1984,1012,1675,1840,1156,2191
275,1902,959,1981,1012,1669,1836,1153,2188
276,1905,959,1981,1012,1665,1843,1156,2185
277,1899,963,1974,1015,1669,1843,1156,2181
278,1902,963,1978,1012,1665,1843,1156,2185
279,1902,963,1978,1015,1675,1833,1156,2188
280,1899,963,1978,1012,1669,1836,1153,2188
281,1899,963,1971,1012,1665,1843,1156,2181
282,1895,963,1968,1015,1662,1840,1156,2181
283,1902,963,1971,1015,1662,1840,1150,2178
284,1892,963,1974,1015,1669,1840,1156,2181
285,1895,963,1964,1015,1669,1836,1156,2185
286,1899,963,1974,1012,1665,1836,1153,2178
287,1895,959,1971,1012,1669,1833,1153,2185
288,1899,963,1971,1015,1665,1840,1153,2175
289,1899,959,1971,1015,1662,1833,1153,2178
290,1892,959,1961,1015,1669,1833,1160,2181
291,1895,959,1964,1012,1665,1836,1153,2175
292,1895,963,1964,1015,1672,1833,1156,2178
293,1892,959,1961,1012,1672,1833,1153,2178
294,1899,963,1964,1012,1669,1836,1153,2175
295,1899,959,1964,1012,1675,1830,1150,2178
296,1895,966,1971,1012,1679,1833,1153,2171
297,1895,963,1964,1012,1682,1826,1153,2175
298,1889,963,1958,1015,1698,1830,1156,2175
299,1889,963,1964,1012,1698,1826,1156,2178
300,1892,966,1971,1012,1695,1830,1150,2171
